Year,Indecaror,Sex,Value
2017,"(a) Proportion of total agricultural population with ownership or secure rights over agricultural land, by se",Male,43.2
2017,"(a) Proportion of total agricultural population with ownership or secure rights over agricultural land, by se",Female,3.0
2017,"(a) Proportion of total agricultural population with ownership or secure rights over agricultural land, by se",Total,24.1
2017,"(b) share of women among owners or rights-bearers of agricultural land, by type of tenure",Male,
2017,"(b) share of women among owners or rights-bearers of agricultural land, by type of tenure",Female,6.03
2017,"(b) share of women among owners or rights-bearers of agricultural land, by type of tenure",Total,
